2	src/conversions/avx512/rgb_xyz_opt.rs
3	src/conversions/avx512/rgb_xyz_q2_13_opt.rs
21	src/conversions/avx/interpolator_q0_15.rs
31	src/conversions/avx/interpolator.rs
1	src/conversions/avx/lut4_to_3_q0_15.rs
1	src/conversions/avx/lut4_to_3.rs
2	src/conversions/avx/rgb_xyz_opt.rs
5	src/conversions/avx/rgb_xyz_q2_13_opt.rs
2	src/conversions/avx/rgb_xyz.rs
1	src/conversions/avx/t_lut3_to_3_q0_15.rs
1	src/conversions/avx/t_lut3_to_3.rs
1	src/conversions/interpolator.rs
20	src/conversions/neon/interpolator_q0_15.rs
32	src/conversions/neon/interpolator.rs
1	src/conversions/neon/lut4_to_3_q0_15.rs
3	src/conversions/neon/lut4_to_3.rs
1	src/conversions/neon/rgb_xyz_opt.rs
2	src/conversions/neon/rgb_xyz_q1_30_opt.rs
2	src/conversions/neon/rgb_xyz_q2_13_opt.rs
1	src/conversions/neon/rgb_xyz.rs
1	src/conversions/neon/t_lut3_to_3_q0_15.rs
1	src/conversions/neon/t_lut3_to_3.rs
8	src/conversions/sse/interpolator_q0_15.rs
8	src/conversions/sse/interpolator.rs
1	src/conversions/sse/lut4_to_3_q0_15.rs
1	src/conversions/sse/lut4_to_3.rs
2	src/conversions/sse/rgb_xyz_opt.rs
7	src/conversions/sse/rgb_xyz_q2_13_opt.rs
2	src/conversions/sse/rgb_xyz.rs
1	src/conversions/sse/t_lut3_to_3_q0_15.rs
1	src/conversions/sse/t_lut3_to_3.rs
